Species,mean(Sepal.Length)
0.0,5.005999999999999
1.0,5.936
2.0,6.587999999999998
