Id,TARGET_deathRate
33001,175.1402232012142
33007,172.17050815474795
33011,173.72496714484896
33012,160.9758592459957
33014,166.26175802204216
33015,156.2345747199629
33019,176.9364097898847
33020,171.34725340766045
33028,176.3697458247443
